{
  "n_estimators": 488,
  "max_depth": 3,
  "learning_rate": 0.2733963728804307,
  "subsample": 0.6864850757631904,
  "colsample_bytree": 0.8744098046085843,
  "min_child_weight": 1,
  "gamma": 0.19250513125261576,
  "reg_alpha": 0.4297478407837856,
  "reg_lambda": 0.0951926550865545,
  "scale_pos_weight": 0.694468085106383,
  "random_state": 42,
  "eval_metric": "logloss",
  "use_label_encoder": false
}