{
  "n_estimators": 491,
  "max_depth": 3,
  "learning_rate": 0.29955720263572994,
  "subsample": 0.642469645175394,
  "colsample_bytree": 0.9378744522176313,
  "min_child_weight": 2,
  "gamma": 0.4468785979783484,
  "reg_alpha": 0.45072828540091214,
  "reg_lambda": 0.07933724875824494,
  "scale_pos_weight": 0.694468085106383,
  "random_state": 42,
  "eval_metric": "logloss",
  "use_label_encoder": false
}