run_id,run_name,recall,precision,f1,pr_auc,status
01a3b2edc4bc4a1badce025f6a3a7250,XGBoost_Tuned_Validation,0.8253968253968254,0.7969348659003831,0.8109161793372319,0.8679520122087281,FINISHED
52d25e751920440a84ddd1564c5e7354,RandomForest,0.8174603174603174,0.673202614379085,0.7383512544802867,0.7389647329356772,FINISHED
1387e47260e94b9da08b13f642ff8ed8,XGBoost,0.8134920634920635,0.7620817843866171,0.7869481765834933,0.8259122419261364,FINISHED
6c976393b99b48adb3e7ae1c3601fd16,LightGBM,0.7896825396825397,0.7425373134328358,0.7653846153846153,0.818560096256529,FINISHED
d3147e88c2be4407baf7a54325c5f0d2,DummyClassifier,0.6111111111111112,0.6260162601626016,0.6184738955823293,0.6120736890429013,FINISHED
