{
  "recall": 0.8690476190476191,
  "precision": 0.8656126482213439,
  "f1": 0.8673267326732673,
  "roc_auc": 0.9060090702947846,
  "pr_auc": 0.930273883505575,
  "true_negatives": 141,
  "false_positives": 34,
  "false_negatives": 33,
  "true_positives": 219
}