{
  "n_estimators": 391,
  "max_depth": 3,
  "learning_rate": 0.27047297227177763,
  "subsample": 0.9810323243403002,
  "colsample_bytree": 0.8182873120328862,
  "min_child_weight": 6,
  "gamma": 0.1277217293825994,
  "reg_alpha": 0.4040260720186447,
  "reg_lambda": 0.4792951727359478,
  "scale_pos_weight": 0.694468085106383,
  "random_state": 42,
  "eval_metric": "logloss",
  "n_jobs": -1
}