{
  "ipv": {
    "mean": 7.5563319102621795,
    "std": 1.0849103113401768,
    "sample": [
      8.843333333,
      8.3,
      9.417,
      7.0,
      7.375,
      8.6,
      7.726666667,
      8.5,
      6.1,
      8.506666667,
      7.75,
      7.889,
      7.417,
      8.7,
      6.778,
      6.755,
      7.833,
      8.896666667,
      9.286666667,
      8.3375,
      7.542,
      5.833,
      7.8,
      5.9,
      5.5,
      8.389,
      9.25,
      7.8,
      9.5,
      7.88,
      8.9225,
      7.667,
      8.167,
      6.2,
      3.1,
      6.6325,
      6.9,
      8.28,
      7.3,
      7.7,
      7.1,
      8.278,
      7.333,
      9.167,
      6.8,
      7.5,
      8.0,
      7.667,
      6.333,
      7.0,
      8.17,
      8.34,
      6.8425,
      8.056,
      7.778,
      7.6,
      8.59,
      6.6,
      7.5,
      8.333,
      8.1,
      9.1,
      7.833333333,
      8.0,
      6.216666667,
      8.2,
      7.7525,
      7.215,
      7.208,
      6.8,
      8.33,
      7.7,
      7.167,
      8.1725,
      8.39,
      7.542,
      7.833333333,
      5.08,
      5.54,
      8.4,
      6.708,
      7.5,
      6.75,
      6.6,
      8.1,
      8.056,
      8.06,
      5.167,
      7.5,
      6.9,
      7.95,
      7.111,
      5.9,
      8.166666667,
      8.167,
      8.083,
      7.083,
      7.095,
      7.545,
      7.944
    ]
  },
  "ips": {
    "mean": 6.331120040180813,
    "std": 1.7707337153305236,
    "sample": [
      2.52,
      5.6,
      7.5,
      7.5,
      2.52,
      8.1,
      5.0,
      6.3,
      7.5,
      5.0,
      5.6,
      5.0,
      5.6,
      6.3,
      5.6,
      5.0,
      7.5,
      2.52,
      5.02,
      2.52,
      7.5,
      7.5,
      2.5,
      7.5,
      2.5,
      5.6,
      7.5,
      6.9,
      8.1,
      2.52,
      7.52,
      7.5,
      7.5,
      8.8,
      2.5,
      2.52,
      7.5,
      7.52,
      6.9,
      7.5,
      7.5,
      5.6,
      7.5,
      7.5,
      7.5,
      7.5,
      6.3,
      6.9,
      8.1,
      3.8,
      7.52,
      7.52,
      7.52,
      7.5,
      5.6,
      6.9,
      2.52,
      6.9,
      6.6,
      7.5,
      7.5,
      5.6,
      7.52,
      7.5,
      7.52,
      7.5,
      5.0,
      5.0,
      5.6,
      7.5,
      7.52,
      7.5,
      4.4,
      6.26,
      3.77,
      6.3,
      6.27,
      7.52,
      5.0,
      3.8,
      7.5,
      7.5,
      7.5,
      7.5,
      7.5,
      5.0,
      5.02,
      5.0,
      6.9,
      7.5,
      5.02,
      7.5,
      7.5,
      2.52,
      6.9,
      6.9,
      8.1,
      6.27,
      3.14,
      7.5
    ]
  },
  "iaa": {
    "mean": 7.906529382219991,
    "std": 2.6433832362493317,
    "sample": [
      7.5,
      8.8,
      10.0,
      9.2,
      9.2,
      9.0,
      10.0,
      8.5,
      8.0,
      10.0,
      9.0,
      9.5,
      7.9,
      8.0,
      9.5,
      7.5,
      9.5,
      10.0,
      7.9,
      9.0,
      7.9,
      9.0,
      9.5,
      9.0,
      7.5,
      7.5,
      9.5,
      8.0,
      9.5,
      9.0,
      8.8,
      8.3,
      8.0,
      8.3,
      8.3,
      9.2,
      8.5,
      0.0,
      9.0,
      9.5,
      9.6,
      9.2,
      9.5,
      8.3,
      8.8,
      9.0,
      10.0,
      7.9,
      9.5,
      9.6,
      8.0,
      9.0,
      7.1,
      9.0,
      8.0,
      9.5,
      10.0,
      8.3,
      8.3,
      8.5,
      10.0,
      8.8,
      0.0,
      7.1,
      9.5,
      9.0,
      9.5,
      8.8,
      8.3,
      8.0,
      9.5,
      9.6,
      8.5,
      7.1,
      8.5,
      9.2,
      10.0,
      9.0,
      0.0,
      9.5,
      7.9,
      7.5,
      7.9,
      7.1,
      8.5,
      0.0,
      0.0,
      9.5,
      10.0,
      9.2,
      0.0,
      6.8,
      7.1,
      9.0,
      9.5,
      10.0,
      10.0,
      8.5,
      7.9,
      8.3
    ]
  },
  "ieg": {
    "mean": 8.244701155198394,
    "std": 1.5683941147202503,
    "sample": [
      9.3,
      9.5,
      7.4,
      7.0,
      9.0,
      9.3,
      4.1,
      7.7,
      9.5,
      9.4,
      8.5,
      8.9,
      8.9,
      9.1,
      8.8,
      7.2,
      7.1,
      10.0,
      9.9,
      9.5,
      7.3,
      8.7,
      8.8,
      6.8,
      6.2,
      9.2,
      10.0,
      10.0,
      10.0,
      9.6,
      9.4,
      5.9,
      8.8,
      6.4,
      3.9,
      7.0,
      5.0,
      9.8,
      8.8,
      7.5,
      6.0,
      9.1,
      8.9,
      9.4,
      7.2,
      9.2,
      9.1,
      7.6,
      8.7,
      9.1,
      7.5,
      7.6,
      7.2,
      8.9,
      8.5,
      8.3,
      10.0,
      8.7,
      9.7,
      9.3,
      7.4,
      9.7,
      9.0,
      8.0,
      6.4,
      8.1,
      9.8,
      7.1,
      7.3,
      7.5,
      9.1,
      9.0,
      9.8,
      9.6,
      9.7,
      9.0,
      7.9,
      7.9,
      7.5,
      7.5,
      8.7,
      7.0,
      5.1,
      5.1,
      9.8,
      9.4,
      8.5,
      8.1,
      9.0,
      5.8,
      9.2,
      8.7,
      8.4,
      6.0,
      6.9,
      8.1,
      6.6,
      8.3,
      8.1,
      6.0
    ]
  },
  "no_av": {
    "mean": 3.1220492214967352,
    "std": 0.9240891316340474,
    "sample": [
      3.0,
      5.0,
      2.0,
      5.0,
      4.0,
      3.0,
      3.0,
      3.0,
      2.0,
      3.0,
      2.0,
      3.0,
      3.0,
      3.0,
      3.0,
      4.0,
      2.0,
      3.0,
      3.0,
      3.0,
      4.0,
      3.0,
      2.0,
      4.0,
      4.0,
      3.0,
      2.0,
      3.0,
      3.0,
      3.0,
      4.0,
      4.0,
      2.0,
      2.0,
      4.0,
      4.0,
      4.0,
      2.0,
      2.0,
      4.0,
      3.0,
      3.0,
      2.0,
      4.0,
      5.0,
      2.0,
      2.0,
      4.0,
      2.0,
      4.0,
      3.0,
      2.0,
      4.0,
      3.0,
      3.0,
      3.0,
      3.0,
      5.0,
      0.0,
      3.0,
      3.0,
      5.0,
      3.0,
      5.0,
      3.0,
      2.0,
      3.0,
      4.0,
      4.0,
      4.0,
      2.0,
      3.0,
      2.0,
      4.0,
      3.0,
      4.0,
      3.0,
      2.0,
      4.0,
      2.0,
      4.0,
      2.0,
      4.0,
      3.0,
      2.0,
      3.0,
      3.0,
      2.0,
      0.0,
      3.0,
      3.0,
      3.0,
      3.0,
      3.0,
      2.0,
      2.0,
      2.0,
      2.0,
      4.0,
      4.0
    ]
  },
  "ida": {
    "mean": 6.40366649924661,
    "std": 1.9542021768532136,
    "sample": [
      7.8,
      9.3,
      6.3,
      4.7,
      4.1,
      8.5,
      4.0,
      8.3,
      3.0,
      7.4,
      8.1,
      6.9,
      6.8,
      8.8,
      4.8,
      5.2,
      6.9,
      7.0,
      9.1,
      7.0,
      6.5,
      1.8,
      4.5,
      7.0,
      3.2,
      6.9,
      8.2,
      6.8,
      7.5,
      9.0,
      6.4,
      6.2,
      6.9,
      4.7,
      0.0,
      3.3,
      0.0,
      9.2,
      8.8,
      4.8,
      5.0,
      5.2,
      4.1,
      7.6,
      5.0,
      8.3,
      9.3,
      5.7,
      8.0,
      4.0,
      6.8,
      0.0,
      7.0,
      8.4,
      8.4,
      3.5,
      6.5,
      5.8,
      6.9,
      7.8,
      7.5,
      8.5,
      5.3,
      8.0,
      5.3,
      6.3,
      8.8,
      4.2,
      6.5,
      6.8,
      5.8,
      5.8,
      6.5,
      7.9,
      6.9,
      8.1,
      2.5,
      3.3,
      2.6,
      5.0,
      3.7,
      4.5,
      5.7,
      5.5,
      6.5,
      9.1,
      6.3,
      4.4,
      7.1,
      6.7,
      6.2,
      9.5,
      4.5,
      5.6,
      3.3,
      8.5,
      7.4,
      7.8,
      7.1,
      4.0
    ]
  },
  "media": {
    "mean": 5.736364844179666,
    "std": 0.7407925585720455,